GROUP,PACKAGE,CLASS,INSTRUCTION_MISSED,INSTRUCTION_COVERED,BRANCH_MISSED,BRANCH_COVERED,LINE_MISSED,LINE_COVERED,COMPLEXITY_MISSED,COMPLEXITY_COVERED,METHOD_MISSED,METHOD_COVERED
burakTask,com.pinsoft.burakTask.controller,RpnCalculatorController,0,21,0,0,0,5,0,3,0,3
burakTask,com.pinsoft.burakTask.controller,MinesweeperController,0,21,0,0,0,5,0,3,0,3
burakTask,com.pinsoft.burakTask.utils,RpnCalculatorUtils,4,94,2,12,1,24,3,9,1,4
burakTask,com.pinsoft.burakTask.utils,MinesweeperUtils,3,47,1,7,1,13,2,5,1,2
burakTask,com.pinsoft.burakTask.exception,MinesweeperValidationException,0,4,0,0,0,2,0,1,0,1
burakTask,com.pinsoft.burakTask.exception,RpnValidationException,0,4,0,0,0,2,0,1,0,1
burakTask,com.pinsoft.burakTask.exception,GlobalExceptionHandler,0,60,0,0,0,11,0,3,0,3
burakTask,com.pinsoft.burakTask.service,MinesweeperService,0,214,0,30,0,36,0,19,0,4
burakTask,com.pinsoft.burakTask.service,RpnCalculatorService,6,132,1,10,1,24,1,11,0,5
burakTask,com.pinsoft.burakTask,BurakTaskApplication,5,3,0,0,2,1,1,1,1,1
